{
    "hello": "Hi there! How can I assist you today?",
    "how are you": "I'm just a bot, but thanks for asking!",
    "what's your name": "I'm your helpful chatbot.",
    "bye": "Goodbye! Have a nice day.",
    "what can you do": "I can help answer basic questions. Try asking me something!",
    "tell me a joke": "Why don't programmers like nature? It has too many bugs!",
    "what is javascript": "JavaScript is a versatile programming language primarily used for web development.",
    "who created you": "I was created by my developer to assist you with basic queries.",
    "what's your favorite color": "I don't see colors, but I imagine I'd like blue.",
    "how old are you": "I'm ageless, a digital creation."
}
